product_name,category,tone,final_description
EcoBreeze Bamboo Water Bottle,Sustainable Lifestyle,earthy and inspiring,"**HEADLINE**  
EcoBreeze Bamboo Water Bottle: Refill Anywhere, Wander Lighter

**OPENING HOOK**  
Bring the calm of the outdoors into your everyday. The EcoBreeze Bamboo Water Bottle pairs a warm, natural feel with trail-ready insulation—so your hydration stays mindful, low-waste, and effortlessly part of the routine.

**PRODUCT DESCRIPTION**  
EcoBreeze is a sustainable, reusable water bottle built for commutes, errands, and day hikes—finished in a 100% organic bamboo exterior for an earthy, minimalist look. The 500ml size slides into most cup holders and packs without the bulk, making it an easy grab on busy mornings and early trail starts. Inside, insulated performance keeps water cold for up to 24 hours, so every sip stays crisp from trailhead to desk. A leak-proof lid seals tight to protect your bag, your layers, and your peace of mind—refill culture, made simple.

**KEY FEATURES**  
- **Start your day feeling grounded** — 100% organic bamboo exterior with a natural, tactile finish  
- **Stay cool on the move** — insulated water bottle keeps drinks cold for up to 24 hours  
- **Toss it in your pack without worry** — leak-proof lid helps prevent spills on laptops and gear  
- **Cut single-use plastic, one refill at a time** — eco friendly water bottle made for everyday use  
- **Keep it light and easy to carry** — 500ml capacity fits grab-and-go routines and day hikes  
- **Match your trail-to-town style** — minimalist eco water bottle design that blends into any setup  

**WHO IT'S FOR**  
For eco-conscious millennials and hikers who want a plastic free water bottle with natural style, dependable performance, and an easy-to-pack size for everyday refills.

**CALL TO ACTION**  
Refill today—take EcoBreeze on your next hike, commute, or coffee run and make low-waste hydration your new default."
CloudStep Memory Foam Slippers,Footwear / Home,cozy and warm,"**HEADLINE**  
Cloud-Like Comfort That Supports Every Step at Home

**OPENING HOOK**  
Slip in, exhale, and let the day ease off your feet. CloudStep Memory Foam Slippers turn chilly floors and tired soles into a cozy ritual—from first coffee to last call for the couch.

**PRODUCT DESCRIPTION**  
CloudStep is a premium house slipper built for real life at home—working, cooking, lounging, and everything in between. The 3-layer memory foam sole cushions impact and supports your stride, so hard floors feel softer on your heels and arches. A non-slip rubber outsole helps you move confidently on hardwood and tile without the careful shuffle. And when spills and everyday wear happen, just toss them in the wash for fresh, comfortable slippers again.

**KEY FEATURES**  
- **Softer steps on hard floors** — 3-layer memory foam cushions heels and supports your stride  
- **Lasting comfort, day after day** — layered design helps resist flattening compared to basic foam slippers  
- **Safer movement indoors** — non-slip rubber outsole grips on smooth floors like hardwood and tile  
- **Easy to keep fresh** — machine washable slippers for quick, clean resets  
- **Warmth without the heavy feel** — plush, snug comfort that stays easy to slip on  
- **A look that fits your space** — choose from 6 colors for your home vibe (or an easy gift)

**WHO IT'S FOR**  
Made for adults who want premium home comfort with supportive cushioning—especially if you spend hours on hardwood floors, prefer non-slip slippers for everyday peace of mind, or want machine-washable ease.

**CALL TO ACTION**  
Pick your color now and upgrade your at-home comfort—step into CloudStep today."
